### Задача №1
листинг docker-compose.yml 

для первой части задания:
docker-compose up -d postgres_first

``` yml
version: "3"

networks:
  my_net:
    driver: bridge

services:

  postgres_first: 
    image: postgres:12
    container_name: psql_host_01
    
    ports:
      - 5433:5432

    volumes:
      - ./pg/db_vol:/var/lib/postgresql/data
      - ./pg/db_backup:/media/postgresql/backup
    
    environment:
      POSTGRES_PASSWORD: "P@ssw0rd"
      PG_DATA: /var/lib/posthresql/data


    networks: 
      - my_net

    restart: always

  postgres_second: 
    image: postgres:12
    container_name: psql_host_02
    
    ports:
      - 5434:5432

    volumes:
      - ./pg/db_vol2:/var/lib/postgresql/data
      - ./pg/db_backup:/media/postgresql/backup
    
    environment:
      POSTGRES_PASSWORD: "P@ssw0rd"
      PG_DATA: /var/lib/posthresql/data


    networks: 
      - my_net

    restart: always
```

### Задача №2
Использовано:
``` sql
create database test_db; 
\c test_db

create table orders (id serial primary key, name varchar, price int);

create table clients (
id serial primary key, 
surname varchar, 
country varchar,
"order" int references orders(id)
);

create index on clients(country);

create user "test-admin-user" with password 'P@ssw0rd';
grant connect on database test_db to "test-admin-user";
grant all on all tables in schema public to  "test-admin-user";
create user "test-simple-user" with password '12345';
grant connect on database test_db to "test-simple-user";
grant select, insert, update, delete on clients, orders to "test-simple-user";
```
Итог:
``` sql
test_db=# \l+
                                                                       List of databases
   Name    |  Owner   | Encoding |  Collate   |   Ctype    |       Access privileges       |  Size   | Tablespace |                Description                 
-----------+----------+----------+------------+------------+-------------------------------+---------+------------+--------------------------------------------
 postgres  | postgres | UTF8     | en_US.utf8 | en_US.utf8 |                               | 7969 kB | pg_default | default administrative connection database
 template0 | postgres | UTF8     | en_US.utf8 | en_US.utf8 | =c/postgres                  +| 7825 kB | pg_default | unmodifiable empty database
           |          |          |            |            | postgres=CTc/postgres         |         |            | 
 template1 | postgres | UTF8     | en_US.utf8 | en_US.utf8 | =c/postgres                  +| 7825 kB | pg_default | default template for new databases
           |          |          |            |            | postgres=CTc/postgres         |         |            | 
 test_db   | postgres | UTF8     | en_US.utf8 | en_US.utf8 | =Tc/postgres                 +| 8121 kB | pg_default | 
           |          |          |            |            | postgres=CTc/postgres        +|         |            | 
           |          |          |            |            | "test-admin-user"=c/postgres +|         |            | 
           |          |          |            |            | "test-simple-user"=c/postgres |         |            | 
(4 rows)

```
---
``` sql
test_db=# \d+ clients
                                                      Table "public.clients"
 Column  |       Type        | Collation | Nullable |               Default               | Storage  | Stats target | Description 
---------+-------------------+-----------+----------+-------------------------------------+----------+--------------+-------------
 id      | integer           |           | not null | nextval('clients_id_seq'::regclass) | plain    |              | 
 surname | character varying |           |          |                                     | extended |              | 
 country | character varying |           |          |                                     | extended |              | 
 order   | integer           |           |          |                                     | plain    |              | 
Indexes:
    "clients_pkey" PRIMARY KEY, btree (id)
    "clients_country_idx" btree (country)
Foreign-key constraints:
    "clients_order_fkey" FOREIGN KEY ("order") REFERENCES orders(id)
Access method: heap
```
---
``` sql
test_db=# \d+ orders
                                                     Table "public.orders"
 Column |       Type        | Collation | Nullable |              Default               | Storage  | Stats target | Description 
--------+-------------------+-----------+----------+------------------------------------+----------+--------------+-------------
 id     | integer           |           | not null | nextval('orders_id_seq'::regclass) | plain    |              | 
 name   | character varying |           |          |                                    | extended |              | 
 price  | integer           |           |          |                                    | plain    |              | 
Indexes:
    "orders_pkey" PRIMARY KEY, btree (id)
Referenced by:
    TABLE "clients" CONSTRAINT "clients_order_fkey" FOREIGN KEY ("order") REFERENCES orders(id)
Access method: heap
```
---
``` sql
test_db=# SELECT grantee, table_name, privilege_type 
FROM information_schema.role_table_grants 
WHERE table_name in ('clients', 'orders');
```
---
``` sql
     grantee      | table_name | privilege_type 
------------------+------------+----------------
 postgres         | orders     | INSERT
 postgres         | orders     | SELECT
 postgres         | orders     | UPDATE
 postgres         | orders     | DELETE
 postgres         | orders     | TRUNCATE
 postgres         | orders     | REFERENCES
 postgres         | orders     | TRIGGER
 test-admin-user  | orders     | INSERT
 test-admin-user  | orders     | SELECT
 test-admin-user  | orders     | UPDATE
 test-admin-user  | orders     | DELETE
 test-admin-user  | orders     | TRUNCATE
 test-admin-user  | orders     | REFERENCES
 test-admin-user  | orders     | TRIGGER
 test-simple-user | orders     | INSERT
 test-simple-user | orders     | SELECT
 test-simple-user | orders     | UPDATE
 test-simple-user | orders     | DELETE
 postgres         | clients    | INSERT
 postgres         | clients    | SELECT
 postgres         | clients    | UPDATE
 postgres         | clients    | DELETE
 postgres         | clients    | TRUNCATE
 postgres         | clients    | REFERENCES
 postgres         | clients    | TRIGGER
 test-admin-user  | clients    | INSERT
 test-admin-user  | clients    | SELECT
 test-admin-user  | clients    | UPDATE
 test-admin-user  | clients    | DELETE
 test-admin-user  | clients    | TRUNCATE
 test-admin-user  | clients    | REFERENCES
 test-admin-user  | clients    | TRIGGER
 test-simple-user | clients    | INSERT
 test-simple-user | clients    | SELECT
 test-simple-user | clients    | UPDATE
 test-simple-user | clients    | DELETE
(36 rows)
```

### Задача №3
``` sql
test_db=# insert into orders (name, price) values 
('Шоколад', 10),
('Принтер', 3000),
('Книга', 500),
('Монитор', 7000),
('Гитара', 4000);
INSERT 0 5

test_db=# select * from orders;
 id |  name   | price 
----+---------+-------
  1 | Шоколад |    10
  2 | Принтер |  3000
  3 | Книга   |   500
  4 | Монитор |  7000
  5 | Гитара  |  4000
(5 rows)

test_db=# insert into clients (surname, country) values
('Иванов Иван Иванович', 'USA'),
('Петров Петр Петрович', 'Canada'),
('Иоганн Себастьян Бах', 'Japan'),
('Ронни Джеймс Дио', 'Russia'),
('Ritchie Blackmore', 'Russia');
INSERT 0 5

test_db=# select * from clients;
 id |       surname        | country | order 
----+----------------------+---------+-------
  1 | Иванов Иван Иванович | USA     |      
  2 | Петров Петр Петрович | Canada  |      
  3 | Иоганн Себастьян Бах | Japan   |      
  4 | Ронни Джеймс Дио     | Russia  |      
  5 | Ritchie Blackmore    | Russia  |      
(5 rows)

test_db=# select * from (select count(*) orders_rows from orders) as orders, (select count(*) clients_rows from clients) as clinets;
 orders_rows | clients_rows 
-------------+--------------
           5 |            5
(1 row)
```

### Задача №4

``` sql
test_db=# update clients set "order"=(select id from orders where name='Книга') where surname = 'Иванов Иван Иванович';
UPDATE 1

test_db=# update clients set "order"=(select id from orders where name='Монитор') where surname = 'Петров Петр Петрович';
UPDATE 1

test_db=# update clients set "order"=(select id from orders where name='Гитара') where surname = 'Иоганн Себастьян Бах';
UPDATE 1

test_db=# select c.surname, o."name" from clients c join orders o  on c."order" =  o.id;
       surname        |  name   
----------------------+---------
 Иванов Иван Иванович | Книга
 Петров Петр Петрович | Монитор
 Иоганн Себастьян Бах | Гитара
(3 rows)

```

### Задача №5

``` sql
test_db=# explain select c.surname, o."name" from clients c join orders o  on c."order" =  o.id;
                               QUERY PLAN                                
-------------------------------------------------------------------------
 Hash Join  (cost=37.00..57.24 rows=810 width=64)
   Hash Cond: (c."order" = o.id)
   ->  Seq Scan on clients c  (cost=0.00..18.10 rows=810 width=36)
   ->  Hash  (cost=22.00..22.00 rows=1200 width=36)
         ->  Seq Scan on orders o  (cost=0.00..22.00 rows=1200 width=36)
(5 rows)

```
- Прочитана построчно таблица orders
- Создан хэш
- Также построчно прочитана таблица clients
- По условию равенства c."order" = o.id отобраны результаты из хэша

### Задача №6

``` commandline
vvk@bubuntu:~/dz/6.2$ docker-compose stop postgres_first
Stopping psql_host_01 ... done
```

```commandline
vvk@bubuntu:~/dz/6.2$ docker exec -it psql_host_01 bash
root@aa1529c83422:/# pg_dumpall -U postgres  > /media/postgresql/backup/test_db_backup.sql
root@aa1529c83422:/# exit
exit

vvk@bubuntu:~/dz/6.2$ docker-compose stop postgres_first
Stopping psql_host_01 ... done

vvk@bubuntu:~/dz/6.2$ docker-compose up -d postgres_second
Starting psql_host_02 ... done

vvk@bubuntu:~/dz/6.2$ docker exec -it psql_host_02 bash

root@c56e122ac035:/# psql -U postgres < /media/postgresql/backup/test_db_backup.sql

root@c56e122ac035:/# psql -U postgres -d test_db
psql (12.11 (Debian 12.11-1.pgdg110+1))
Type "help" for help.

test_db=# select c.surname, o."name" from clients c join orders o  on c."order" =  o.id;
       surname        |  name   
----------------------+---------
 Иванов Иван Иванович | Книга
 Петров Петр Петрович | Монитор
 Иоганн Себастьян Бах | Гитара
(3 rows)

test_db=# 
```
